ID;Geologia;Crollo;Cord_X;Cord_Y;Quote;Aspect;Slope;Nord;East;PlanarC;ProfileC;TWI;WD;NGSS;FT;EWI
1;4;1;404467.954;5049004.327;714.508;84.977;64.668;0.088;-0.658;-2.17;2.491;0.387;172.389;67.722;37.556;15.278
2;4;1;404339.864;5049019.165;806.846;355.163;25.924;0.996;-0.531;2.693;-1.743;1.031;172.389;67.722;42.444;15.278
3;4;1;404210.376;5049230.711;700.201;352.75;38.529;0.992;0.147;4.359;-3.729;0.23;172.389;67.722;34.556;15.278
4;4;1;404212.901;5049514.325;533.757;71.365;29.724;0.32;0.128;-0.31;-0.071;1.94;140.611;49.167;27.222;13.833
5;4;1;402500;5050000;686.791;37.074;46.019;0.798;0.707;0.111;-1.291;4.099;140.389;68.333;26.833;14.556
6;4;1;406689.142;5050625.088;437.443;131.852;30.212;-0.667;0.599;0.214;-1.239;2.947;187.5;73.722;14.111;14.667
7;4;1;406428.164;5050575.632;405.74;191.446;25.23;-0.98;-0.68;0.034;-0.494;2.676;174.222;70;13.667;14.833
8;1;1;390874.06;5050619.508;2097.4;260.285;20.119;-0.169;-0.418;0.558;0.349;4.034;172.389;104.889;48.5;16.611
9;4;1;403507.535;5050872.337;425.284;116.867;26.256;-0.452;-0.793;2.85;-0.459;0.751;115.611;60.944;14;14.278
10;2;1;398540.648;5050980.221;766.106;50.787;42.601;0.632;0.079;2.781;-1.002;1.766;130.611;72.722;19;15.5
11;1;1;391633.524;5051058.281;1902.69;345.933;37.734;0.97;0.24;0.123;0.836;1.899;184.389;104.944;47.167;16.667
12;2;1;396951.89;5051081.12;1211.19;124.455;43.842;-0.566;0.491;0.812;1.024;1.023;112.5;58.5;40.167;13.778
13;4;1;402667.946;5051099.277;408.222;224.732;48.026;-0.71;-0.339;2.66;-6.809;2.074;119.944;58.611;13.111;14
14;4;1;402583.76;5051107.67;355.506;202.182;27.685;-0.926;-0.233;1.174;1.899;0.907;101.389;60.111;9.944;14.444
15;4;1;403326.867;5051265.979;495.011;132.624;36.772;-0.677;0.512;-2.581;-1.938;1.896;119.944;58.611;12.667;14
16;2;1;397551.513;5051416.543;784.429;48.39;54.196;0.664;-0.149;-0.088;1.415;2.16;112.5;58.5;23.944;13.778
17;2;1;397504.745;5051538.858;760.738;226.515;16.999;-0.688;0.567;-0.166;0.913;4.369;112.5;58.5;22.944;13.778
18;2;1;402304;5051569;374.187;245.646;27.383;-0.412;0.427;-3.154;3.654;4.939;101.389;60.111;9.611;14.444
19;4;1;408509.075;5051595.335;904.213;230.213;47.831;-0.64;-0.455;1.421;1.105;2.449;173.944;75.278;27;15
20;4;1;403639.492;5051705.65;569.1;142.263;12.281;-0.791;-0.206;-0.621;-0.518;2.13;123.167;56.444;16.889;14.444
21;4;1;408490.081;5051632.476;914.582;214.822;47.471;-0.821;0.243;-2.15;-1.445;1.951;173.944;75.278;27;15
22;2;1;400588.962;5051652.013;477.037;349.896;64.274;0.984;-0.046;1.449;-8.696;0.676;111.667;62.611;15.278;14.611
23;4;1;408431.487;5051664.46;916.654;226.484;52.087;-0.689;0.727;3.743;-2.778;1.684;173.944;75.278;27;15
24;2;1;397101.462;5051563.843;990.373;102.191;33.756;-0.211;-0.419;0.888;-0.349;1.984;112.5;58.5;28;13.778
25;4;1;409356.52;5051705.659;1382.73;249.595;29.004;-0.349;0.173;0.256;-0.793;1.43;174.222;74.222;38.167;15.5
26;4;1;403931.414;5051709.402;477.873;176.182;41.832;-0.998;0.633;-0.277;6.518;3.183;123.167;56.444;18.611;14.444
27;2;1;397357.147;5051856.209;820.082;229.36;34.755;-0.651;-0.531;-0.888;0.326;3.776;112.5;58.5;24.333;13.778
28;2;1;402214;5051739;344.147;293.448;22.759;0.398;-0.12;-0.227;0.706;3.832;101.389;60.111;9.222;14.444
29;4;1;406852.563;5051833.938;808.763;158.306;70.016;-0.929;0.264;1.198;-0.428;-0.338;176.278;73.389;25.056;14.833
30;2;1;397823.764;5051888.589;1139.06;226.807;36.455;-0.684;0.352;-3.528;-0.066;4.082;104.667;65.611;37.111;14.556
31;2;1;401087.326;5051905.605;413.346;167.544;57.788;-0.976;-0.223;0.569;-10.157;0.592;111.667;62.611;11;14.611
32;2;1;400786.675;5051946.091;500.927;156.89;34.217;-0.92;0.538;1.987;-4.969;0.413;111.667;62.611;19.833;14.611
33;2;1;397947.365;5051947.914;1259.67;142.553;29.004;-0.794;0.209;-0.19;-2.263;0.639;104.667;65.611;38.111;14.556
34;4;1;406071.8;5051955.839;1153.28;153.746;51.512;-0.897;-0.686;-2.065;0.117;2.745;169.222;69.333;46.056;14.667
35;4;1;404391.508;5051848.904;683.245;224.843;50.115;-0.709;-0.056;0.978;-3.398;1.699;123.167;56.444;31.556;14.444
36;3;1;396886.906;5051846.192;1085.22;45.246;50.719;0.704;0.312;-0.135;0.543;0.617;112.5;58.5;30.389;13.778
37;3;1;397438.506;5052116.526;1035.85;235.029;67.551;-0.573;-0.256;7.482;11.376;-0.607;112.5;58.5;34.556;13.778
38;2;1;402481.914;5052113.934;615.747;232.898;35.121;-0.603;0.009;-0.923;0.135;3.022;101.389;60.111;13.722;14.444
39;4;1;407072.798;5052227.276;686.398;49.952;45.743;0.643;0.91;0.897;-2.399;1.456;176.278;73.389;18.611;14.833
40;2;1;396174.718;5052463.222;1093.69;19.428;47.189;0.943;0.572;0.951;2.099;0.714;120.167;75;28.111;15.722
41;2;1;401409.078;5052245.936;448.906;81.511;43.441;0.148;0.843;2.082;-2.318;0.555;111.667;62.611;15.278;14.611
42;2;1;401376.005;5052271.071;464.928;55.963;47.009;0.56;0.734;1.757;-4.361;0.446;111.667;62.611;15.278;14.611
43;2;1;402193.415;5052378.673;546.89;278.878;38.943;0.154;-0.409;1.847;-0.434;2.32;101.389;60.111;17.5;14.444
44;2;1;402261.591;5052313.19;580.439;214.361;55.409;-0.825;0.816;2.474;-10.768;0.319;101.389;60.111;17.5;14.444
45;1;1;392664.269;5052341.249;1884.85;78.494;62.249;0.199;-0.439;-9.352;1.065;0.95;164.278;93.778;44.111;16.778
46;2;1;402950.986;5052344.312;694.995;195.697;42.903;-0.963;-0.027;2.24;-1.88;1.333;119.944;58.611;16.278;14
47;4;1;407058.909;5052324.834;655.795;154.761;36.639;-0.905;-0.449;-2.369;1.716;2.956;166.889;74.222;23.778;15.5
48;2;1;402091.471;5052373.608;403.642;269.381;32.523;-0.011;0.297;2.253;-0.159;2.623;101.389;60.111;12.278;14.444
49;1;1;392636.631;5052387.398;1904.81;4.765;54.781;0.997;0.434;-0.144;-0.812;1.15;164.278;93.778;44.111;16.778
50;4;1;407435.703;5052458.592;509.712;124.939;44.967;-0.573;-0.125;0.299;-1.886;2.355;166.889;74.222;17.889;15.5
51;2;1;398500;5052500;1345.47;121.969;36.545;-0.529;-0.151;0.457;-0.414;2.016;101.278;64.333;39.444;14.722
52;2;1;400786.796;5052514.73;798.337;142.337;40.128;-0.792;-0.328;-1.166;3.741;3.279;125.222;58.222;34.167;14.167
53;2;1;400467.442;5052522.394;934.013;188.335;47.373;-0.989;0.898;-0.533;-4.507;2.047;107.389;64.889;36.5;14.222
54;2;1;395475.349;5052705.466;1154.71;359.934;47.818;1;-0.124;-1.966;1.211;2.706;145.5;78.444;27.667;15.333
55;4;1;407300.225;5052732.408;687.209;176.368;39.923;-0.998;0.87;1.826;0.773;1.201;166.889;74.222;22.389;15.5
56;4;1;405003.233;5052772.932;1452.99;245.507;44.36;-0.415;0.481;3.447;-1.646;0.025;143.278;67.167;49.5;15
57;3;1;394473.508;5052819.204;1157.09;335.869;31.858;0.913;-0.179;-0.121;0.389;1.53;169.167;85.833;30.167;15.889
58;4;1;407298.361;5052875.605;787.612;108.31;57.026;-0.314;-0.174;0.26;0.208;1.138;166.889;74.222;23.444;15.5
59;4;1;404993.63;5052995.323;1571.18;184.626;47.988;-0.997;-0.594;0.319;-0.567;1.404;143.278;67.167;50.667;15
60;2;1;396274.447;5053139.508;1293.8;182.962;43.908;-0.999;-0.031;-1.862;-0.794;2.45;130.389;73.278;34.833;15.333
61;2;1;395423;5053145;1100.83;188.646;22.658;-0.989;0.627;1.051;-0.928;1.476;145.5;78.444;29.056;15.333
62;3;1;394902.609;5053184.486;1337.48;137.245;40.416;-0.734;0.069;2.513;-0.959;0.566;145.5;78.444;33.889;15.333
63;4;1;404766.471;5053262.126;1708.61;210.476;38.715;-0.862;-0.788;-1.121;0.512;1.961;143.278;67.167;51.056;15
64;4;1;407995.844;5053271.534;723.006;142.551;54.22;-0.794;-0.363;1.345;3.776;0.825;172.056;73.167;21.167;15.111
65;4;1;409387.302;5053220.305;801.094;265.505;42.976;-0.078;0.036;1.961;-1.888;0.818;168.611;69.278;22.444;14.389
66;2;1;395029;5053255;1294.21;117.857;56.155;-0.467;0.029;-12.228;6.181;3.04;145.5;78.444;35.111;15.333
67;4;1;409372.951;5053320.342;724.406;327.912;32.458;0.847;0.057;0.018;-0.078;2.161;168.611;69.278;21.611;14.389
68;3;1;391709.964;5053430.829;1583.19;191.309;52.161;-0.981;-0.296;-1.994;2.312;1.809;145.389;76.333;44.722;15.667
69;2;1;399926.227;5053464.888;1263.58;27.26;56.481;0.889;-0.234;-0.595;-0.76;0.663;107.389;64.889;45.722;14.222
70;2;1;400681.064;5053469.086;683.304;96.786;63.865;-0.118;0.106;3.976;-2.15;0.307;125.222;58.222;14;14.167
71;3;1;391338.051;5053685.774;1633;167.943;37.198;-0.978;0.062;2.68;-1.036;1.314;148.167;95.667;43.611;16.667
72;1;1;390000;5053500;2052.41;130.806;46.229;-0.653;0.325;-1.497;3.172;1.223;169.778;105.333;47.833;16
73;3;1;398500;5053500;1265.09;16.925;34.087;0.957;-0.362;1.482;-0.561;1.809;101.278;64.333;42;14.722
74;2;1;402140.226;5053495.624;743.648;287.15;57.258;0.295;-0.249;3.29;-2.842;0.467;116.056;45.944;30.667;12.5
75;2;1;401826.962;5053663.659;544.867;221.379;70.34;-0.75;0.096;-2.494;-22.096;1.761;116.056;45.944;27;12.5
76;4;1;408170.342;5053557.73;922.688;241.303;53.495;-0.48;-0.332;3.162;0.899;0.04;172.056;73.167;25.667;15.111
77;4;1;410660.065;5053696.528;1051.87;297.831;40.266;0.467;-0.59;0.499;-1.132;1.392;152.167;65.722;30.222;14.833
78;4;1;407671.427;5053824.706;786.966;120.038;25.949;-0.501;0.223;-5.268;6.59;6.822;172.333;73.722;22.056;15.833
79;4;1;410111.164;5053931.037;704.138;314.328;24.749;0.699;0.61;0.015;-0.008;3.016;152.167;65.722;23.611;14.833
80;4;1;406269.063;5053949.612;1339.12;89.566;38.458;0.008;0.161;-0.419;-0.043;2.249;163.778;72.333;44.889;15.611
81;1;1;393007.069;5053787.949;1647.5;176.266;41.707;-0.998;0.3;-0.371;0.524;2.263;177.833;84.167;38.722;15.667
82;4;1;409518.086;5054103.604;794.088;139.527;60.339;-0.761;0.188;0.945;-6.772;1.262;170.556;67.722;22.833;14.667
83;2;1;401274.436;5054172.061;349.859;181.389;11.314;-1;0.375;0.232;3.343;2.609;98.944;57.278;9.667;14.167
84;3;1;391735.411;5054271.478;1906.33;150.826;47.272;-0.873;0.856;-0.492;0.303;1.45;173.222;82.944;48.667;15.333
85;4;1;409685.817;5054246.012;770.756;131.048;34.552;-0.657;0.376;-0.221;-0.848;3.716;152.167;65.722;23.833;14.833
86;2;1;402943.257;5054345.47;739.307;179.021;47.708;-1;-0.669;-1.372;3.559;2.032;109.5;59;24.944;14.167
87;4;1;386601.875;5054488.335;2807.94;22.199;28.361;0.926;0.062;0.055;-1.29;3.229;204.278;101.167;73.167;15.944
88;2;1;401500;5054500;763.586;2.563;34.746;0.999;-0.366;-0.171;-0.498;1.711;98.944;57.278;20.333;14.167
89;4;1;386955.094;5054524.104;2707.89;350.002;22.096;0.985;-0.288;-0.438;2.284;3.831;204.278;101.167;68.722;15.944
90;4;1;410651.008;5054631.599;780.707;306.2;38.304;0.591;-0.193;0.768;-2.245;3.465;152.167;65.722;26;14.833
91;4;1;386820.96;5054586.699;2731.03;78.509;26.556;0.199;-0.52;0.493;-2.564;1.586;204.278;101.167;70;15.944
92;4;1;386731.538;5054609.055;2738.78;20.453;12.571;0.937;-0.381;0.312;0.971;2.727;204.278;101.167;67.167;15.944
93;4;1;410074.941;5054632.823;744.39;202.259;40.911;-0.925;0.475;0.67;1.896;1.71;152.167;65.722;23.444;14.833
94;2;1;402670.35;5054640.115;742.699;274.236;57.04;0.074;-0.306;-3.835;1.461;1.188;109.5;59;25.389;14.167
95;4;1;409543.117;5054662.525;1139.98;126.23;59.705;-0.591;0.159;4.075;-15.047;1.963;170.556;67.722;27.722;14.667
96;2;1;401087.214;5054667.804;451.193;248.224;65.688;-0.371;-0.05;-11.937;-1.111;1.621;98.944;57.278;14.944;14.167
97;4;1;386812.018;5054702.948;2731.6;53.499;20.402;0.595;-0.945;0.429;-0.651;1.572;204.278;101.167;68.111;15.944
98;4;1;386651.058;5054711.891;2747.58;58.16;23.524;0.528;0.348;-1.148;0.154;2.998;204.278;101.167;67.944;15.944
99;2;1;402748.413;5054787.587;799.165;255.238;47.752;-0.255;0.114;3.614;-1.839;0.714;109.5;59;25.389;14.167
100;4;1;409430.783;5054912.32;1255.9;96.099;55.091;-0.106;-0.491;5.062;-4.379;0.031;170.556;67.722;30.833;14.667
101;4;1;409395.763;5055002.863;1355.51;157.832;61.896;-0.926;0.6;5.498;-4.355;-0.548;170.556;67.722;31.722;14.667
102;4;1;409428.786;5055051.554;1345.02;106.615;70.684;-0.286;0.532;2.661;-13.864;-0.702;170.556;67.722;31.722;14.667
103;4;1;409552.566;5055092.55;1198.14;94.846;43.368;-0.084;0.038;0.539;-0.034;2.29;170.556;67.722;29.111;14.667
104;4;1;410535.599;5055295.249;1015.35;126.623;73.926;-0.597;0.235;2.22;-13.351;0.697;155.278;68.5;28.778;14.833
105;4;1;406776.917;5055453.054;1471.43;236.026;30.709;-0.559;-0.911;0.115;0.59;1.623;176.278;74.722;44.444;16.111
106;4;1;406738.16;5055524.109;1494.8;221.032;44.713;-0.754;0.183;-0.786;6.081;0.875;176.278;74.722;46.444;16.111
107;2;1;402061.018;5055619.016;936.281;197.918;38.396;-0.951;0.064;1.193;-0.951;1.01;128.444;64.722;37.778;14.389
108;4;1;407032.435;5055683.763;1728.77;149.496;48.894;-0.862;0.159;-6.108;5.239;1.76;176.278;74.722;47.167;16.111
109;2;1;400313.371;5056030.742;510.39;248.962;44.726;-0.359;-0.025;0.656;-0.927;0.4;114.5;61.833;19.833;15.167
110;4;1;411062.974;5056198.06;930.124;107.206;37.499;-0.296;0.227;0.196;-0.243;2.625;124.056;64.556;27.556;14.167
111;3;1;399934.884;5056518.57;469.457;211.71;57.985;-0.851;0.225;-1.822;-0.16;4.707;114.5;61.833;18.056;15.167
112;2;1;399405.967;5056570.74;359.071;161.285;1.696;-0.947;-0.63;0.001;-0.006;6.111;111.611;59.722;16.5;14.778
113;3;1;399794.837;5056524.507;374.552;196.028;18.409;-0.961;0.015;-0.265;0.457;5.178;114.5;61.833;16.444;15.167
114;2;1;400384;5056538.044;775.371;224.423;74.411;-0.714;-0.26;1.461;-8.28;-0.32;114.5;61.833;29.667;15.167
115;2;1;399445.494;5056572.18;361.22;221.958;32.657;-0.744;-0.376;-1.907;10.22;2.963;111.611;59.722;16.5;14.778
116;1;1;396252.509;5056542.484;785.967;143.581;67.809;-0.805;0.407;-8.265;3.288;2.472;172.833;75.111;34.333;15.222
117;3;1;399705.607;5056565.096;383.062;187.475;18.192;-0.992;0.492;0.247;0.158;3.204;114.5;61.833;16.444;15.167
118;2;1;399506.875;5056589.704;402.487;191.935;39.43;-0.978;-0.502;-0.537;0.693;4.333;111.611;59.722;19;14.778
119;3;1;399676.484;5056581.071;387.984;185.522;25.569;-0.995;-0.913;-0.509;0.251;3.062;111.611;59.722;15.667;14.778
120;3;1;399830.513;5056620.469;466.892;205.861;54.53;-0.9;0.243;-3.091;0.659;2.573;114.5;61.833;21.889;15.167
121;3;1;399828.942;5056626.302;466.892;205.861;52.669;-0.9;0.283;-1.279;0.297;2.546;114.5;61.833;21.889;15.167
122;3;1;399833.642;5056629.857;486.853;225.492;54.69;-0.701;0.592;-0.144;0.36;2.127;114.5;61.833;21.889;15.167
123;3;1;399855.583;5056651.536;522.629;237.131;51.567;-0.543;-0.101;0.323;1.952;1.964;114.5;61.833;21.889;15.167
124;2;1;399404.335;5056685.269;442.774;228.643;56.799;-0.661;-0.499;-2.968;-4.624;1.439;111.611;59.722;18.667;14.778
125;3;1;399589.25;5056716.025;537.434;215.602;49.02;-0.813;0.008;-3.896;-0.442;1.194;131.167;56.611;23.722;14.889
126;4;1;411044.911;5057044.366;919.242;95.003;41.273;-0.087;0.537;3.018;-2.377;0.792;129;68.5;27.333;14.833
127;1;1;396388.764;5057158.062;781.104;30.164;51.701;0.865;0.473;-4.855;5.858;1.995;148.722;69.667;35.5;14.944
128;1;1;395510.66;5057243.841;1242.34;48.707;50.922;0.66;0.163;2.654;-1.201;1.622;165.833;72.722;41.667;14.667
129;3;1;398624.979;5057245.351;562.175;242.685;60.443;-0.459;-0.568;-9.224;-0.122;3.821;111.944;46.722;32.333;13.111
130;3;1;400186.628;5057288.996;1079.99;182.279;28.636;-0.999;0.984;-0.151;-0.265;4.851;119.778;62.833;42.333;15.556
131;2;1;404791.305;5057299.038;2302.8;200.2;27.579;-0.938;0.402;0.792;-0.755;1.03;181.889;76.167;56.667;16
132;4;1;413070.039;5057187.215;1702.42;150.227;55.994;-0.868;0.354;-1.805;2.886;1.809;151.333;85.278;46.444;16.333
133;3;1;398555.822;5057319.975;522.647;259.789;63.26;-0.177;-0.136;-1.811;13.593;1.019;111.944;46.722;22.444;13.111
134;3;1;400000;5057500;1176.29;197.752;45.216;-0.952;-0.632;-1.049;3.532;1.655;119.778;62.833;49.333;15.556
135;1;1;395838.812;5057647;799.182;345.807;24.619;0.969;0.703;-2.338;3.544;5.064;148.722;69.667;35.222;14.944
136;3;1;398733.43;5057715.262;731.84;288.615;46.416;0.319;0.721;-1.8;0.269;4.873;131.167;56.611;42.389;14.889
137;1;1;396604.08;5057856.073;597.605;91.777;51.184;-0.031;-0.34;0.631;-2.867;0.992;148.722;69.667;29.778;14.944
138;3;1;398582.462;5058047.21;532.931;291.029;43.807;0.359;-0.326;0.419;1.742;0.547;111.944;46.722;28.944;13.111
139;3;1;398664.965;5058081.729;608.456;282.455;45.853;0.216;0.588;0.193;-0.56;1.585;111.944;46.722;31;13.111
140;3;1;398689.464;5058105.749;621.327;298.954;51.431;0.484;-0.386;0.684;-1.094;0.684;111.944;46.722;31;13.111
141;1;1;396829.215;5058152.87;381.392;63.775;55.243;0.442;0.685;-3.99;12.083;1.33;137.333;63.167;20.333;15.833
142;1;1;396806.611;5058165.495;415.596;65.944;61.813;0.408;-0.772;3.928;-9.943;0.358;137.333;63.167;20.333;15.833
143;3;1;398707.847;5058169.675;586.682;297.837;54.762;0.467;-0.51;-0.702;2.809;0.812;111.944;46.722;31;13.111
144;2;1;404486;5058188;2171.56;274.628;55.938;0.081;-0.271;-7.068;5.02;4.676;169.333;77.056;56.111;15.833
145;3;1;398311.365;5058191.996;399.57;199.785;28.69;-0.941;-0.032;-4.255;7.092;6.18;144.278;59.278;26.778;15.056
146;1;1;396573.512;5058245.748;444.297;51.927;57.782;0.617;0.196;-4.016;10.792;3.639;133.111;68.111;23.611;15.056
147;1;1;396518.225;5058278.514;502.91;77.28;52.511;0.22;-0.465;-1.917;0.238;1.277;133.111;68.111;23.611;15.056
148;1;1;396521.062;5058291.384;501.346;87.94;48.714;0.036;0.173;-4.206;-0.353;1.113;133.111;68.111;23.611;15.056
149;1;1;396550.077;5058295.007;467.507;95.226;42.696;-0.091;0.308;-1.329;2.087;1.912;133.111;68.111;23.611;15.056
150;1;1;395500;5058500;911.49;56.682;55.649;0.549;0.243;0.646;-0.848;1.094;150.722;70.222;35.389;14.778
151;2;1;404191.609;5058596;1922.64;281.736;40.069;0.203;0.029;-0.292;1.89;1.83;169.333;77.056;51.722;15.833
152;1;1;394676.478;5059128.924;898.365;154.852;59.512;-0.905;-0.284;-0.315;0.47;1.608;150.722;70.222;30.333;14.778
153;1;1;393446.414;5059576.555;1127.09;90.915;37.106;-0.016;-0.68;1.708;-0.728;0.983;136;64.556;30.333;14.389
154;1;1;389956.742;5059505.09;1653.1;121.959;34.893;-0.529;-0.783;-0.58;0.189;2.407;169.389;83.611;42.389;15.333
155;2;1;400558.866;5059527.542;775.039;54.465;47.444;0.581;0.054;1.07;-1.956;2.129;140.889;67.778;26.278;15.167
156;2;1;403287.139;5059571.988;1733.91;259.595;53.849;-0.181;-0.263;2.264;-1.803;0.773;181.167;80.111;46.722;15.667
157;1;1;394881.223;5059644.056;666.818;24.043;42.944;0.913;-0.18;-0.375;-1.868;1.408;150.722;70.222;27.833;14.778
158;2;1;403249.865;5059641.375;1717.85;201.021;42.225;-0.933;0.76;-1.841;0.193;4.439;181.167;80.111;46.833;15.667
159;2;1;403119.694;5059664.886;1691.72;282.947;43.892;0.224;0.46;3.961;-1.052;0.204;181.167;80.111;47.278;15.667
160;4;1;409948.461;5059708.674;1333.27;91.471;55.789;-0.026;-0.766;-0.323;5.337;0.864;179.333;67.333;46.611;15.556
161;2;1;405282.643;5059965.227;2608.07;252.763;39.647;-0.296;0.292;-0.263;1.308;2.501;186.611;78.111;56.167;15.444
162;1;1;394999.779;5059980.489;685.461;148.007;54.325;-0.848;-0.637;-0.301;-1.495;2.648;143.444;67.222;24.889;14.778
163;2;1;405090.422;5059987.422;2490.85;228.097;40.011;-0.668;0.091;-2.094;-0.306;3.811;186.611;78.111;52.111;15.444
164;1;1;398490.294;5059737.913;910.364;154.359;41.269;-0.902;-0.34;0.923;0.782;1.623;147.944;65.667;43.5;15.611
165;3;1;396784.692;5060066.6;382.252;241.976;48.082;-0.47;-0.548;1.291;1.94;0.866;143.944;64.389;33.667;15.333
166;1;1;393549.822;5060127.978;1031.31;210.896;41.804;-0.858;-0.024;-1.638;2.27;5.573;136.611;59.833;29.167;15
167;3;1;396754.204;5060161.128;405.894;239.01;63.698;-0.515;0.656;1.882;-3.098;0.549;143.944;64.389;33.667;15.333
168;2;1;401000;5060500;1114.02;296.554;36.008;0.447;0.509;-0.406;-0.38;3.632;178.222;76.222;35.444;15.444
169;3;1;397894.08;5060559.61;801.662;277.531;44.444;0.131;0.095;2.281;-1.292;1.175;147.944;65.667;44.222;15.611
170;4;1;410667.567;5060997.077;1231.44;152.138;42.595;-0.884;0.056;1.199;-3.059;0.857;141.722;67.056;48.278;15.389
171;3;1;396790.483;5060974.42;461.462;230.155;60.232;-0.641;-0.675;-1.758;0.18;0.53;143.944;64.389;29.333;15.333
172;3;1;400241.263;5061150.537;751.195;194.675;33.328;-0.967;0.799;3.509;-0.303;0.593;179.611;77.278;32.444;15.556
173;3;1;396629.773;5061250.102;413.533;254.841;55.146;-0.262;-0.526;0.893;-6.61;3.364;157.167;70;23.833;15.111
174;4;1;411014.869;5061355.313;1277.95;176.206;44.814;-0.998;0.651;-0.15;-0.189;1.484;170.111;71.389;50.389;15.556
175;4;1;410628.713;5061428.256;1711.26;124.379;61.727;-0.565;0.558;9.5;-9.946;-0.31;141.722;67.056;57.889;15.389
176;3;1;397629.777;5061522.903;726.854;262.341;23.313;-0.133;-0.137;-0.088;1.091;2.388;166.944;70.611;36.5;15.611
177;3;1;397513.092;5061794.212;723.494;333.732;11.949;0.897;0.445;0.618;-0.277;1.815;166.944;70.611;30.667;15.611
178;1;1;398053.74;5062048.071;825.845;250.714;30.051;-0.33;-0.092;-0.191;0.685;3.118;167.222;71.056;35.667;15.778
179;1;1;395425.575;5061974.555;905.631;79.359;30.898;0.185;-0.53;-0.955;-0.088;2.461;152.389;68.556;36.667;14.833
180;1;1;395653.267;5062340.307;733.959;136.053;54.191;-0.72;-0.039;-0.556;-0.618;3.484;152.389;68.556;30.333;14.833
181;1;1;395795.25;5062605.976;722.766;125.851;44.302;-0.586;0.644;0.437;0.483;2.257;161;71.667;29.667;15.611
182;1;1;395922.872;5062763.32;642.721;122.061;77.288;-0.531;-0.744;-3.176;0.007;0.376;161;71.667;23.833;15.611
183;1;1;396214.87;5062744.824;481.364;86.429;14.589;0.062;-0.006;1.742;-3.272;1.369;161;71.667;21.056;15.611
184;1;1;395397.173;5062882.067;1010.34;124.178;37.431;-0.562;0.17;1.64;0.094;1.154;157.556;68.389;36.778;15.5
185;4;1;412352.789;5062927.349;1602.29;153.332;52.524;-0.894;-0.65;8.835;-8.703;-0.108;171.944;84.944;42.667;15.778
186;3;1;402659.04;5063197.827;1153.01;329.325;42.656;0.86;-0.91;-0.147;1.353;1.921;210.222;83;38.667;15.333
187;3;1;402941.136;5063765.01;1090.13;289.473;50.661;0.333;0.608;-2.125;6.567;2.895;211.333;83.056;38.389;15.667
188;4;1;414499.604;5064002.587;1779.24;216.365;46.115;-0.805;-0.698;-1.936;4.99;2.946;190.389;98.167;41.944;16.167
189;3;1;402109.625;5064324.051;1180.2;125.607;39.759;-0.582;0.62;3.54;-1.712;0.635;210.278;82.889;38.222;16.111
190;1;1;396350.989;5064370.558;457.183;260.306;59.148;-0.168;-0.589;-3.844;-1.353;2.517;159.111;70.056;20.722;15.389
191;3;1;403495.437;5064474.499;1336.54;242.732;47.771;-0.458;-0.43;6.703;-2.386;-0.097;202.944;82.667;38.556;15.833
192;3;1;403230.607;5064309.154;1181.49;304.799;44.973;0.571;-0.153;1.184;1.29;0.92;202.944;82.667;37.222;15.833
193;3;1;403654.746;5064512.3;1443.7;305.454;55.508;0.58;-0.737;1.505;9.575;1.187;202.944;82.667;44.389;15.833
194;1;1;396042.471;5064577.185;457.337;348.761;40.241;0.981;-0.232;-0.284;-2.53;1.498;159.111;70.056;21.389;15.389
195;1;1;395765.3;5064907.541;635.268;55.518;61.075;0.566;-0.101;4.965;-11.661;0.723;155.389;64.944;23.056;15
196;3;1;397879.077;5064857.759;890.778;266.871;28.072;-0.055;-0.561;0.887;-0.186;2.464;186.778;80.667;33.778;16.167
197;3;1;398201.373;5064901.979;1040.32;347.936;14.11;0.978;-0.371;0.404;0.233;2.001;186.778;80.667;35.889;16.167
198;1;1;395555.664;5064725.658;825.038;98.099;27.756;-0.141;-0.453;4.135;-2.347;0.644;155.389;64.944;25.444;15
199;4;1;410961.573;5065004.646;1323.68;51.036;42.948;0.629;0.159;-1.201;2.698;3.424;174.222;82.944;42.667;15.833
200;1;1;396745.844;5065157.307;641.336;337.158;29.756;0.922;-0.438;-1.863;1.217;1.291;159.111;70.056;25.056;15.389
201;4;1;410914.257;5065060.545;1329.63;64.305;64.885;0.434;0.428;-0.814;-1.021;1.801;174.222;82.944;35.611;15.833
202;5;1;410109.923;5065134.776;2007.33;127.585;34.622;-0.61;0.081;0.184;1.511;1.366;168.833;74.889;44.111;16.056
203;3;1;397787.577;5065163.757;884.369;257.537;30.931;-0.216;0.876;-1.446;0.749;3.072;186.778;80.667;32.5;16.167
204;3;1;400442.056;5065451.24;1728.73;323.169;30.619;0.8;-0.636;0.715;-2.272;1.115;190.056;79.444;43.056;16.5
205;5;1;410815.102;5065406.464;1299.88;95.779;49.905;-0.101;0.302;-1.826;4.251;3.771;170.333;76;35.444;15.889
206;5;1;408352.172;5065400.371;2419.93;82.911;47.907;0.123;-0.038;0.679;-2.929;0.659;176.722;71.667;51.444;15.5
207;5;1;408354.305;5065405.988;2419.93;82.911;49.234;0.123;0.309;-0.67;0.822;1.007;176.722;71.667;51.444;15.5
208;5;1;410408.553;5065519.881;1581.16;70.162;61.258;0.339;0.281;0.595;-0.595;0.849;170.333;76;45.611;15.889
209;5;1;410887.367;5065541.329;1278.01;104.707;44.699;-0.254;-0.542;-0.587;3.479;1.66;182.111;88.5;36.556;16.111
210;5;1;410915;5065558;1259.16;102.923;29.605;-0.224;-0.502;-0.656;2.265;3.288;182.111;88.5;36.278;16.111
211;3;1;404992.336;5065670.831;2192.07;214.281;44.762;-0.826;0.777;2.588;-0.034;0.457;211.222;85.778;54.667;15.5
212;2;1;407757.347;5065794.209;2266.05;257.579;45.533;-0.215;0.99;-2.634;-2.883;1.847;199.389;77.444;50.833;16.056
213;3;1;402915.612;5065939.632;1252.16;282.873;42.026;0.223;0.581;0.433;-1.747;2.014;213.833;85.444;40.167;15.944
214;3;1;402717.356;5066551.116;1250.49;232.009;51.168;-0.616;0.449;-2.464;2.625;1.978;195.389;84.778;40.778;16
215;3;1;402592.471;5066555.608;1146.5;223.924;12.051;-0.72;-0.145;-0.16;0.259;3.958;195.389;84.778;39.222;16
216;5;1;410923.154;5066535.866;1387.61;277.046;25.515;0.123;0.415;-4.751;1.867;8.104;182.111;88.5;45.556;16.111
217;3;1;402821.54;5066720.356;1416.13;248.684;37.79;-0.364;-0.675;0.344;-0.656;1.599;195.389;84.778;41;16
218;5;1;409910.119;5066895.196;1507.23;52.323;54.489;0.611;-0.252;-4.15;3.153;1.832;191.111;81.333;42.5;15.778
219;5;1;410013.456;5067055.748;1368.06;68.837;33.283;0.361;0.289;0.574;0.534;1.564;191.111;81.333;42.056;15.778
220;5;1;409985.641;5067061.9;1385.12;65.801;39.856;0.41;-0.867;0.413;0.52;1.452;191.111;81.333;43.444;15.778
221;5;1;409977.617;5067071.796;1388.76;66.289;40.191;0.41;-0.788;-1.199;0.278;3.243;191.111;81.333;43.444;15.778
222;5;1;409982.431;5067075.273;1381.55;64.595;39.627;0.402;-0.449;-1.147;0.427;3.738;191.111;81.333;43.444;15.778
223;5;1;409976.012;5067087.308;1386.06;81.114;43.033;0.429;0.622;-1.584;0.707;3.891;191.111;81.333;43.444;15.778
224;5;1;409972.535;5067089.18;1385.97;88.986;45.521;0.154;0.148;-0.758;1.695;2.823;191.111;81.333;43.444;15.778
225;5;1;411088.103;5067682.683;1881.81;238.222;60.568;0.018;0.863;3.209;-9.599;-0.55;187.389;91.778;44.222;15.556
226;2;1;409389.279;5067685.092;1564.15;66.159;42.176;-0.527;-0.891;1.647;0.263;0.398;176.556;59.5;40.111;14.556
227;2;1;409342.533;5067749.647;1561.62;54.431;28.135;0.404;-0.205;0.71;2.29;2.252;176.556;59.5;40.111;14.556
228;2;1;408121.65;5068258.37;1668.53;156.988;22.823;0.582;0.824;-4.133;1.888;7.525;188.944;77.5;41.111;15.278
229;5;1;411962.887;5068643.052;2548.61;287.261;39.398;-0.92;0.282;4.824;1.925;0.48;212;100.333;53.5;16.222
230;2;1;409733.703;5069175.03;1536.83;284.433;53.377;0.297;0.358;7.996;-1.961;-0.165;217.944;64.556;51.722;14.944
231;2;1;409775.089;5069193.842;1563.59;312.133;65.406;0.249;-0.38;-7.454;6.919;0.114;217.944;64.556;54.222;14.944
232;2;1;409672;5069251.03;1548.79;265.724;43.771;0.671;0.232;3.066;-1.66;0.75;217.944;64.556;53.889;14.944
233;2;1;409792.221;5069290.688;1633.22;222.012;39.705;-0.075;-0.373;4.464;-0.67;0.59;217.944;64.556;55.833;14.944
234;2;1;409784.577;5069541.121;1743.31;289.613;62.47;-0.743;0.293;6.407;-1.762;-0.368;217.944;64.556;55.278;14.944
235;3;1;399984.004;5069596.728;1358.61;233.741;41.234;0.336;0.61;0.557;1.887;1.548;200.056;74.778;45.056;15.833
236;3;1;399838.945;5069777.458;1366.21;233.292;47.447;-0.591;0.31;0.75;4.756;1.943;200.056;74.778;45.444;15.833
237;3;1;399916.563;5069745.762;1459.74;246.005;53.049;-0.598;0.3;0.75;-2.426;0.966;200.056;74.778;45.444;15.833
238;3;1;399965.453;5069652.93;1408.56;231.334;69.941;-0.407;0.265;14.796;-0.452;0.392;200.056;74.778;45.056;15.833
239;3;1;399968.082;5069654.721;1408.56;231.334;70.545;-0.625;0.066;14.1;-5.134;0.677;200.056;74.778;45.056;15.833
240;2;1;407260.2;5069701.378;2139.48;137.474;41.59;-0.625;0.691;-1.079;0.285;1.597;213.5;84.944;47.222;15.778
241;3;1;401896.599;5070202.862;2301.56;162.95;34.716;-0.737;0.867;-0.623;-0.407;2.579;206.667;89.389;53.278;16.889
242;1;1;398090;5070322;1715.74;83.105;64.637;-0.956;0.35;5.582;-2.683;0.335;164.444;79.722;48.5;16.222
243;2;1;408113.804;5070374.831;1706.93;104.149;40.312;0.12;-0.547;2.27;-1.976;0.165;181.611;79.833;51.222;15.111
244;3;1;401327.744;5070356.849;2359.26;283.038;29.528;-0.244;0.266;0.528;-0.972;0.979;206.667;89.389;55.222;16.889
245;1;1;398064.124;5070490.072;1672.95;88.978;53.33;0.226;0.19;2.775;4.751;0.547;164.444;79.722;46.833;16.222
246;2;1;405750.013;5071010.609;2569.64;182.939;30.385;0.018;0.428;-1.837;1.037;2.648;236;96.611;51.778;16.111
247;2;1;406363.638;5071080.179;2562.57;129.549;36.422;-0.999;-0.67;-1.347;1.511;2.238;240.444;98.444;51.333;16.167
248;3;1;400497.536;5071151.435;1832.89;171.704;41.915;-0.637;-0.233;-0.133;-1.938;1.936;185.444;86.722;44.389;16.278
249;2;1;405218.396;5071206.774;2403.5;167.665;48.638;-0.99;-0.231;-4.041;1.385;1.67;239.556;101.111;48.667;16.167
250;3;1;400669.31;5071326.879;1963.2;141.933;55.597;-0.977;-0.441;-0.73;-2.434;2.052;196.111;88.667;46.056;15.556
251;3;1;402689.016;5071452.165;2616.9;18.29;30.754;-0.787;0.335;-0.277;0.93;1.644;236.444;98.611;54.611;16.333
252;3;1;404321.331;5071481.735;2502.53;191.242;29.872;0.949;-0.425;-0.3;-1.645;2.122;230.778;102.833;49.833;16.444
253;3;1;404172.999;5071560.18;2515.11;200.716;35.182;-0.981;0.492;0.324;0.893;1.036;230.778;102.833;50.278;16.444
254;2;1;407519.223;5071612.678;2173.29;103.807;51.941;-0.935;-0.924;0.913;-1.201;1.583;221.111;91.889;57.556;16.056
255;3;1;404049.185;5071630.087;2551.48;195.929;44.365;-0.239;0.355;-0.416;-0.732;1.397;230.778;102.833;51.722;16.444
256;3;1;402226.99;5071812.161;2794.01;277.436;74.434;-0.962;0.532;-4.015;8.252;-0.226;236.444;98.611;59.167;16.333
257;3;1;397252.976;5072550.083;1810.55;62.61;51.016;0.129;0.404;-9.214;5.578;2.659;169.944;81.556;45.222;15.667
258;3;1;399709.887;5072594.88;2006.67;286.303;44.782;0.46;-0.486;-1.014;-1.787;3.679;169.111;84.611;53.833;15.722
259;3;1;407811.98;5073760.915;2006.24;132.697;54.233;0.281;0.315;2.263;-2.299;2.559;236.444;97.111;57.556;16.667
260;2;1;409909.869;5075842.126;2082.48;238.657;46.331;-0.678;0.803;3.085;-2.972;0.126;195.722;62.278;59.556;15.667
261;3;1;409014.103;5076077.699;1685.47;306.302;40.887;-0.52;0.11;0.535;-1.215;1.559;243.278;90.944;55.722;17.278
262;1;1;408155.805;5076312.937;1797.29;64.444;48.219;0.592;-0.128;-7.266;-0.883;2.473;243.278;90.944;48.667;17.278
263;1;1;409106.899;5076644.503;2013.69;120.968;37.774;0.431;0.115;0.701;-0.165;0.948;195.722;62.278;62;15.667
264;3;1;400902.562;5076758.665;1697.27;142.587;35.577;-0.515;0.003;1.147;0.15;0.733;207.167;93.722;54.556;16.389
265;3;1;401127.762;5076859.2;1591.79;127.96;37.374;-0.794;-0.673;-0.878;1.906;1.936;224.778;98.889;55.722;16.056
266;3;1;401256.974;5077237.144;1654.07;101.198;41.869;-0.615;0.734;1.226;3.038;0.969;254.5;97;55.333;15.667
267;3;1;399077.606;5077558.305;2536.18;158.862;44.871;-0.194;-0.484;0.744;-0.584;0.233;220.167;94.944;50.111;16.389
268;3;1;401292.409;5077603.617;1704.99;57.629;44.211;-0.933;0.527;0.736;-1.245;1.324;254.5;97;56.389;15.667
269;3;1;402139.309;5077710.353;1863.13;264.695;57.172;0.535;0.505;0.518;-1.998;3.101;276.5;110.833;56.278;16.444
270;3;1;402122.718;5077883.269;1797.11;284.979;40.532;-0.092;-0.7;-2.867;-0.046;4.729;276.5;110.833;55.833;16.444
271;3;1;411536.069;5078021.529;2772.05;21.947;44.891;0.258;-0.848;-1.226;-1.162;0.894;280.111;109.167;78.667;16.889
272;3;1;411253.406;5078274.628;2510.02;349.007;40.847;0.928;-0.639;-2.018;-0.326;3.287;288.444;112.778;75.889;16
273;1;1;408829.332;5078520.132;2211.54;241.063;26.287;0.982;-0.167;0.172;0.286;1.544;289;101.333;57.278;15.944
274;1;1;408119.913;5078718.246;1819.42;237.106;25.543;-0.484;0.06;0.095;1.138;1.188;289;101.333;50.611;15.944
275;6;1;402220.137;5078766.594;1873.74;285.407;53.195;-0.543;-0.293;0.798;-3.072;1.452;255.889;116.167;54.278;15.778
276;1;1;410077.418;5079021.436;2278.57;289.187;48.651;0.266;0.737;7.331;-12.465;-0.127;272.556;105.5;68.667;15.778
277;7;1;410631.909;5081511.715;2863.51;103.419;58.739;0.329;-0.047;2.958;-3.821;0.388;284.278;128.556;74.222;15.333
278;6;1;399517.048;5081402.795;2308.14;85.177;34.356;0.797;-0.904;0.34;-0.466;4.016;230.833;103.611;56;15.889
279;7;1;411988;5081803;3142.65;335.511;39.019;-0.431;-0.582;-2.741;-1.024;1.944;281.222;126.833;0;16.222
280;1;1;400598.126;5082752.592;2382.05;124.488;44.05;-0.232;0.382;-10.381;4.743;2.363;251.944;112.278;57.167;15.444
281;2;0;404490.214;5063935.106;1834.92;192.846;47.362;0.084;0.025;7.237;-2.283;-0.083;202.667;84.111;48.556;15.611
282;3;0;410919.205;5078149.877;2405.32;277.81;23.871;0.91;-0.116;-0.226;0.11;3.895;266.333;103.667;78.444;17.167
283;3;0;403790.525;5064426.695;1601.29;214.785;35.028;-0.566;0.041;1.315;-0.397;1.819;202.667;84.111;45.444;15.611
284;1;0;403114.205;5081835.986;2486.2;352.758;36.706;-0.975;0.034;0.016;0.082;1.728;259.167;127;51.889;16
285;2;0;398204.513;5050777.919;787.291;337.746;51.362;0.136;0.34;0.198;4.162;1.588;130.611;72.722;20.722;15.5
286;3;0;396365.945;5051796.375;1478.21;48.294;40.36;-0.821;-0.429;0.265;1.506;1.36;120.167;75;43.611;15.722
287;2;0;399853.053;5052671.315;1153.4;168.273;33.895;0.992;-0.222;0.44;-0.819;2.9;107.389;64.889;46;14.222
288;1;0;389897.621;5055964.437;2209.36;325.049;35.529;0.926;-0.09;-0.75;2.116;2.306;178.278;92.5;47.167;15.833
289;4;0;414897.565;5054984.536;2005.39;22.919;23.487;0.665;-0.59;-1.558;1.101;3.951;157.556;94.611;46.722;16.056
290;3;0;402130.395;5060604.21;1452.81;295.759;34.637;-0.979;0.359;3.006;0.249;1.048;185.444;79.333;40.944;15.778
291;1;0;396437.282;5056247.753;694.901;41.725;45.254;0.82;-0.68;0.586;0.909;2.525;172.833;75.111;24.056;15.222
292;2;0;402615.401;5061283.862;1425.24;280.958;36.011;0.921;0.029;-7.315;0.169;4.407;209.889;80.667;40.833;15.278
293;4;0;399922.992;5046469.751;2243.1;309.465;12.507;0.435;0.47;-1.369;1.24;5.069;148.833;85.833;57.833;15.833
294;4;0;415000.027;5058360.902;2238.5;324.355;27.199;0.746;-0.665;-0.667;-0.256;3.094;155.778;91.056;54.778;15.222
295;1;0;395447.144;5064585.216;872.577;115.786;53.165;0.19;-0.487;-4.472;-0.284;2.455;155.389;64.944;28.167;15
296;2;0;406956.65;5074981.018;2874.72;179.443;34.361;0.636;-0.607;-0.262;-1.425;2.207;246;97.278;66.556;16.778
297;1;0;410512.903;5080183.133;2616.54;183.142;28.995;0.813;-0.025;2.001;-0.934;1.009;293.944;118.833;71.278;16.056
298;1;0;402968.03;5085515.135;3155.93;92.768;64.396;-0.435;0;-9.072;-15.296;2.322;268.778;129.944;68.278;16.056
299;5;0;412878.962;5069781.33;2719.92;210.967;0;-1;0;-0.653;-1.927;0;224.389;102.556;58.056;16.222
300;2;0;395100.577;5051914.942;1807.16;332.031;52.583;-0.998;0.434;-1.986;3.914;1.275;136.667;82;46.389;15.778
301;1;0;389794.826;5051087.338;2150.25;13.709;22.423;-0.048;0.576;0.361;1.097;4.009;192.167;104.889;48.444;16.5
302;5;0;409776.344;5063409.583;2386.63;52.591;38.449;-0.857;-0.472;-0.521;-0.072;1.664;165.833;72.333;55.111;15.944
303;4;0;408851.619;5054969.004;1496.51;204.161;48.676;0.883;-0.061;-1.242;2.972;2.664;170.556;67.722;37.944;14.667
304;4;0;406725.682;5054147.095;1044.9;95.99;41.857;0.972;-0.05;6.071;-1.549;0.47;172.333;73.722;34.222;15.833
305;3;0;402720.982;5062646.034;1378.37;296.856;49.438;0.608;0.253;-1.148;2.204;1.893;210.222;83;37.889;15.333
306;7;0;407737.276;5084979.521;3528.31;126.727;34.309;-0.912;0.208;-2.809;0.152;4.411;274.778;134.833;82.833;15.944
307;1;0;389138.099;5057138.664;2220.73;45.623;40.943;-0.104;-0.266;0.289;-1.362;1.797;186.944;92.278;46.278;15.889
308;1;0;388177.296;5059106.107;2289.59;108.614;24.414;0.452;0.111;-0.499;0.621;5.027;186.722;91.667;46.944;15.889
309;2;0;405042.527;5062557.976;1906.8;35.803;37.337;-0.598;-0.346;0.883;-1.192;1.871;207.111;82.889;41.722;16.111
310;2;0;402840.173;5056695.457;1545.53;221.101;32.332;0.699;0.453;-0.059;1.042;3.343;147.056;66.5;51.5;14.611
311;3;0;403064.111;5069244.203;1790.24;285.851;36.907;-0.319;-0.717;-0.73;-0.064;2.253;205.5;91.111;48;16.833
312;4;0;410467.83;5064011.989;1908.49;96.434;53.651;0.811;-0.289;1.146;1.336;1.436;168.833;74.889;43.278;16.056
313;3;0;405460.797;5065703.788;1968.01;35.155;44.464;-0.754;-0.693;-2.232;-0.028;2.011;211.222;85.778;50.444;15.5
314;1;0;401664.502;5081844.615;2293.05;129.989;32.047;0.273;-0.223;-1.134;0.671;2.992;249.5;115.333;55.056;15.611
315;3;0;386328.562;5050020.987;2391.94;295.792;34.463;-0.112;0.826;-0.866;-0.185;3.465;174.833;108.611;61.167;16
316;2;0;404380.5;5054609.313;1520.47;293.858;40.565;0.818;-0.063;1.542;0.03;0.505;145.222;64.778;55.556;15.056
317;3;0;405680.607;5078712.955;2825.12;100.211;34.857;-0.643;0.696;-0.166;-1.688;1.594;258.889;123.722;69.556;15.833
318;1;0;411929.568;5080113.288;2744.99;283.503;23.602;0.435;0.444;-0.711;-0.04;3.537;282.333;120.944;75.611;16.389
319;2;0;408911.174;5072178.39;1503.63;302.516;55.55;0.404;-0.378;1.329;1.642;0.991;203.444;77.667;48.389;16
320;2;0;410557.075;5072729.141;2353.89;210.327;36.318;-0.177;-0.267;0.485;0.325;0.961;217.722;88.556;52.722;16.389
321;4;0;406099.753;5053745.954;1527.24;3.72;44.959;0.233;-0.331;-0.392;1.043;1.789;156.556;71;51.944;15.111
322;4;0;406889.853;5058339.458;1975.25;345.267;31.821;0.538;0.507;1.537;-0.167;1.247;183.5;78.889;46.611;15.833
323;1;0;391937.961;5056057.24;2276;73.949;23.698;-0.863;-0.145;-0.465;0.495;3.795;156.5;83.556;49.833;14.889
324;6;0;397459.04;5085339.814;3016.98;162.585;23.986;0.998;0.644;0.984;0.116;1.303;232.722;103.056;60.944;16.5
325;5;0;411024.226;5069576.006;2159.75;187.257;11.441;0.967;0.098;-0.719;0.672;2.306;201.778;94.111;51.833;16
326;4;0;407414.644;5054062.101;864.584;163.73;16.12;0.277;0.812;-1.208;2.546;5.165;172.333;73.722;26.333;15.833
327;1;0;408901.029;5081027.911;2564.47;279.056;21.454;-0.954;-0.671;-0.285;0.624;2.947;295.5;123.5;66.778;15.444
328;3;0;387365.814;5050795.562;2397.35;317.381;21.748;-0.992;-0.569;-1.691;0.124;2.751;169.944;108.667;70.833;16.056
329;7;0;403132.842;5083096.272;2337.49;257.73;46.448;-0.96;0.069;0.729;0.804;1.163;263.056;125.556;51.389;15.833
330;3;0;399845.189;5077899.934;2459.3;135.643;40.55;0.157;-0.196;0.075;0.7;2.227;220.167;94.944;51.667;16.389
331;2;0;401837.181;5062186.019;853.651;98.459;44.611;0.736;-0.174;-0.266;2.4;1.207;209.889;80.667;29.389;15.278
332;4;0;410023.003;5050978.044;1901.99;293.47;46.104;-0.213;0.23;2.101;-2.98;0.516;181.667;76.611;51;15.889
333;4;0;404126.713;5052917.94;1330.09;254.333;58.525;-0.715;-0.165;6.158;2.038;0.859;132.333;60.556;47.111;14.944
334;2;0;407433.752;5065940.942;2220.51;201.035;42.535;-0.147;0.693;6.766;-1.588;0.303;199.389;77.444;49.944;16.056
335;6;0;397682.503;5085133.035;2864.46;115.28;7.619;0.398;-0.082;0.586;-4.053;2.267;232.722;103.056;56.944;16.5
336;7;0;405383.744;5083739.692;2964.7;273.624;29.374;-0.27;-0.271;-2.765;0.944;2.733;266.167;132.111;73.889;15.833
337;4;0;414468.408;5061070.667;1905.38;252.645;28.065;-0.933;0.043;0.353;-0.676;2.589;169.444;91.556;45.556;15.889
338;1;0;390872.013;5049657.408;2412.88;132.452;33.909;-0.427;0.035;-0.575;-0.446;2.669;179.667;105.611;52.222;15.611
339;2;0;405252.684;5059768.541;2485.72;220.6;31.36;0.063;0.298;0.428;-0.653;2.811;186.611;78.111;52.722;15.444
340;3;0;402601.795;5071401.384;2681.97;39.204;31.143;-0.298;0.02;-0.066;-2.447;0.808;236.444;98.611;54.444;16.333
341;1;0;388099.587;5057201.982;2505.33;14.108;26.778;-0.675;0.133;0.175;-0.199;4.62;196.167;97.056;46.778;16.222
342;3;0;387719.573;5050013.872;2753.78;318.644;47.339;-0.759;-0.246;2.16;-1.993;1.822;194.389;107.667;73.111;16.167
343;2;0;404078.624;5062190.499;2086.52;344.13;44.099;0.775;0.388;-1.758;-0.318;2.642;195;82.056;49.056;15.889
344;3;0;403441.232;5064798.356;1241.3;268.081;37.54;0.97;-0.367;-0.047;-2.892;1.697;202.944;82.667;39.167;15.833
345;1;0;402812.022;5080488.696;2314.37;200.027;25.807;0.751;-0.12;-0.212;0.037;4.587;255.444;120.389;53.5;15.722
346;1;0;400228.728;5083319.779;2642.94;256.438;17.859;0.962;0.083;-0.077;-0.1;2.756;251.944;112.278;55.611;15.444
347;5;0;412849.669;5067765.26;2345.06;214.478;49.758;-0.033;0.44;1.234;2.518;0.283;198.778;98;49.167;15.889
348;1;0;402569.148;5082809.072;2207.08;174.255;23.937;-0.94;0.065;0;0.32;2.031;263.056;125.556;60.556;15.833
349;1;0;389728.436;5060916.226;2289.82;117.102;35.688;-0.235;-0.438;1.568;0.131;0.574;142.889;77.389;50.556;14.389
350;4;0;402631.425;5049381.629;641.151;47.196;25.027;-0.824;-0.572;-4.243;0.672;6.888;162.389;72;25.556;15.056
351;5;0;409832.433;5063052.536;2578.89;123.749;48.097;-0.995;-0.516;2.372;-1.952;0.57;165.833;72.333;59;15.944
352;2;0;403789.374;5062019.499;1898.13;267.39;57.998;-0.456;-0.358;0.589;-1.194;0.843;195;82.056;46.667;15.889
353;1;0;388301.588;5060161.161;2386.51;116.361;13.157;0.679;-0.248;-2.19;0.527;8.539;171.833;86.278;47.111;15.333
354;2;0;411199.417;5074909.229;2892.92;340.631;59.634;-0.556;0.285;-1.765;2.334;1.388;243.389;101.167;68.444;17.333
355;2;0;409753.05;5073401.992;2142.81;227.706;41.557;-0.046;-0.279;-5.586;3.702;4.255;202.556;77.389;51.889;16.111
356;3;0;384649.949;5051885.752;2437.12;68.936;12.801;-0.444;0.333;0.165;-0.08;2.216;181.556;106.611;52.889;15.111
357;2;0;402317.9;5055976.97;1034.78;269.929;60.217;0.943;0.142;6.068;-7.779;0.074;128.444;64.722;39.111;14.389
358;4;0;413390.006;5051241.405;2014.71;252.864;42.718;-0.673;-0.217;-0.679;0.145;2.952;168.889;86.556;49.889;16.333
359;3;0;398778.271;5060207.172;812.939;79.327;11.511;0.359;-0.016;0.341;-0.11;3.055;153;68.778;37.167;15.778
360;4;0;412192.877;5063282.16;1689.21;16.844;44.334;-0.001;0.037;-1.961;1.395;2.458;171.944;84.944;44.611;15.778
361;5;0;408832.171;5062564.972;2403.47;178.246;54.214;-0.295;-0.712;-0.072;-3.181;1.239;169.944;74.056;55.056;15.722
362;3;0;401391.741;5073654.867;2759.21;335.452;43.779;0.185;-0.075;-1.564;-0.65;1.396;238;96.056;55.167;15.778
363;3;0;386434.577;5053157.737;2452.51;155.515;66.213;0.957;0.207;5.821;-4.333;-0.126;200.611;102.778;71.056;15.778
364;4;0;413860.855;5057428.621;1918.99;172.26;37.177;-1;-0.114;0.862;0.366;2.528;148.833;89.833;47.278;15.556
365;4;0;412158.547;5050955.158;1933.5;197.713;18.893;0.91;-0.855;4.522;-3.234;1.12;165.444;83.889;49.5;16
366;4;0;402923.897;5046743.002;2062.49;275.276;56.958;-0.91;0.051;-1.049;0.419;4.192;161.611;78.444;65.222;15.333
367;3;0;400364.78;5073077.949;2351.25;136.603;16.763;-0.991;-0.126;-1.876;0.814;4.169;209.667;91.944;48.333;14.889
368;1;0;401276.327;5081226.151;2087.38;142.765;32.613;-0.953;0.017;-1.241;0.283;4.252;239.944;114.556;58.222;15.611
369;3;0;407489.936;5076703.973;2204.48;138.072;36.933;0.092;0.305;1.496;-4.015;1.355;253.111;106.722;63.389;15.833
370;2;0;395630.441;5048878.795;2170.86;105.022;33.19;-0.727;-0.076;-1.705;-0.926;0.722;159.833;92.333;50.833;16.833
371;1;0;396372.882;5056745.313;798.065;125.194;40.3;-0.796;0.503;0.192;-1.305;2.433;172.833;75.111;34.278;15.222
372;4;0;413161.279;5061127.273;1406.5;25.681;42.59;-0.744;0.358;1.157;-0.872;0.852;162.333;84.278;40.778;15.611
373;3;0;403945.742;5066444.673;1615.78;253.003;61.056;-0.259;-0.109;10.03;-4.282;-0.305;212;87.278;42.833;15.944
374;5;0;412816.672;5066395.064;2179.54;75.105;44.781;-0.576;0.554;-1.742;6.092;1.825;184.278;94.278;49.944;16.333
375;3;0;391291.912;5054072.005;1811.09;149.809;30.384;0.901;0.755;-0.545;-0.235;2.852;162.278;92.5;44.722;16.167
376;1;0;398817.94;5083593.274;2564.95;126.602;17.597;-0.292;0.594;-1.993;2.01;2.578;232.389;105.611;48.167;15.944
377;4;0;398357.098;5046767.037;2147.43;86.703;22.274;0.257;-0.038;0.171;-0.687;2.695;155.056;95.111;53.722;16.111
378;1;0;391958.529;5060722.984;1744.66;175.654;32.38;-0.864;0.742;1.103;-1.088;3.149;121.389;50.611;53.389;14.167
379;7;0;407998.562;5082776.475;2521.56;115.322;41.461;-0.596;-0.275;-1.213;0.145;2.886;262.778;132.278;66.056;15.667
380;4;0;398321.956;5046073.31;2269.83;348.081;41.68;0.058;-0.868;-0.291;0.89;2.823;155.056;95.111;57.444;16.111
381;7;0;405768.128;5086714.248;3856.26;168.56;45.796;-0.997;0.452;1.293;1.601;2.999;271.667;136.778;74.056;15.944
382;3;0;387537.034;5051261.922;2339.5;324.621;25.632;-0.428;-0.52;1.538;-1.949;2.486;171.611;102.944;75;15.944
383;7;0;404973.709;5084920.936;3069.95;308.281;55.465;0.978;0.22;-2.619;7.419;1.976;272.556;133.222;73.389;16.167
384;1;0;386825.765;5056090.224;2646.67;89.703;33.188;-0.98;0.103;-0.125;-0.2;3.216;195;100.056;52.333;16.389
385;3;0;387387.384;5052257.646;2165.78;356.059;21.969;0.815;-0.459;0.49;0.15;3.943;189.333;98;71;16.611
386;2;0;404766.568;5072582.746;2643.06;312.557;34.96;0.62;-0.047;-0.298;0.295;1.572;245.889;106.889;52.833;16.778
387;4;0;413159.631;5060383.836;1906.97;352.086;35.711;0.005;0.925;-1.558;1.023;4.12;156.667;82.611;54.944;15.611
388;3;0;383732.458;5052309.624;2668.64;141.023;26.311;0.998;-0.563;-0.382;-1.205;2.395;190.111;107.944;54;15.111
389;3;0;398734.817;5077173.548;2389.35;155.438;41.524;0.676;0.171;0.409;-0.924;1.457;225.333;89.111;49.944;14.889
390;3;0;385373.471;5052049.468;2362.47;14.848;11.437;0.99;0.03;1.212;-0.456;1.759;181.556;106.611;62;15.111
391;2;0;406470.619;5069021.072;2454.28;59.951;45.429;-0.777;-0.834;-4.346;2.708;3.393;229.889;90.278;48;16.167
392;7;0;406294.763;5083561.764;3443.94;102.963;62.385;-0.91;-0.604;1.426;-7.263;0.159;261.167;132.5;85.333;15.611
393;4;0;414724.612;5053771.273;2282.57;333.67;22.624;0.967;0.582;7.381;-3.28;0.895;157.556;94.611;51.611;16.056
394;1;0;386959.152;5057908.62;2622.75;95.111;50.53;0.501;0.269;-1.145;-0.257;3.075;196.833;98.278;51.611;16.444
395;1;0;409220.127;5081534.862;2736.92;205.487;30.402;-0.224;-0.327;-0.808;0.2;3.931;287.389;126.722;73.611;15.167
396;2;0;403577.137;5059074.928;1553.11;281.524;18.689;0.896;0.434;-0.525;0.013;3.632;172.111;77.056;48.556;15.611
397;3;0;404482.716;5073688.434;2856.77;354.447;35.792;-0.089;-0.06;0.936;1.388;1.425;245.889;106.889;61;16.778
398;2;0;406349.276;5059357.196;2155.98;184.302;46.242;-0.903;0.056;5.973;-0.354;0.053;189.278;79.056;50.111;15.556
399;4;0;410329.904;5051262.138;1861.11;69.128;34.488;0.2;0.861;-0.646;2.249;2.313;181.667;76.611;49.778;15.889
400;4;0;412673.98;5064795.094;1611.85;270.617;41.81;0.995;0.698;-5.563;0.824;3.888;182.222;91.222;44.444;16.056
401;4;0;410270.207;5060144.896;1299.14;166.767;39.268;-0.997;-0.31;-4.594;-0.705;3.331;179.333;67.333;49.556;15.556
402;1;0;388270.423;5055792.974;2396.29;41.019;22.28;0.356;-0.491;1.536;0.471;1.599;190.944;98.611;51.389;16.556
403;3;0;402844.764;5070633.806;2495.12;114.224;27.781;0.011;0.224;0.126;-0.126;1.521;213.889;92.444;52.5;16.556
404;3;0;387113.138;5051016.987;2256.81;318.724;21.722;-0.973;-0.164;-0.305;0.19;3.257;169.944;108.667;70.889;16.056
405;4;0;416138.271;5056204.148;2046.08;268.682;44.919;0.754;0.006;-1.423;2.901;2.102;157.111;92.556;46.5;15.667
406;4;0;406381.139;5056396.13;1784.49;174.172;23.817;-0.41;-0.419;-0.14;1.529;2.918;176.222;74.889;49.056;16.333
407;5;0;408065.793;5062472.695;2398.87;122.234;30.268;0.752;-0.899;0.033;0.457;4.26;174.167;76.778;50.111;15.667
408;2;0;406471.834;5075230.181;2957.94;37.385;47.175;-0.023;-0.021;-1.42;7.195;1.345;255;105.556;68.167;16
409;7;0;406617.954;5083447.67;3286.61;236.792;23.175;-0.995;-0.466;-0.39;-1.771;1.93;261.167;132.5;89.278;15.611
410;5;0;409045.461;5063725.312;2425.78;131.902;30.938;-0.533;0.627;2.098;0.413;1.691;160.667;71.722;50.556;15.833
411;5;0;412107.84;5069245.013;2369.14;294.435;8.547;0.795;0.719;-1.458;1.299;8.319;212;100.333;49.944;16.222
412;3;0;403765.832;5064999.915;1334.67;357.107;46.657;-0.548;0.049;0.681;-3.045;1.823;202.944;82.667;39.444;15.833
413;7;0;404644.954;5085774.048;3180.81;209.878;41.076;-0.668;-0.808;-0.778;1.847;3.512;273.889;135.278;77.833;15.722
414;2;0;407398.552;5068711.336;2319.71;153.463;30.54;0.414;-0.839;-1.712;1.083;2.407;213.5;84.944;50.722;15.778
415;3;0;384795.565;5048491.678;2856.01;5.984;20.729;0.999;0.66;-0.149;0.147;3.961;190.889;113.444;60.167;15.333
416;4;0;412172.011;5062236.487;1284.35;145.658;32.154;-0.867;0.036;0.832;0.124;0.817;171.944;84.944;40.667;15.778
417;4;0;397742.558;5046428.223;2395.49;299.551;42.529;-0.895;0.061;0.928;-0.151;1.171;155.056;95.111;55.222;16.111
418;3;0;404504.758;5074652.04;2435.09;342.188;18.032;0.995;-0.729;-0.792;0.082;5.27;263.944;110;60;16.667
419;1;0;410500.732;5078839.109;2309.22;210.049;6.466;-0.826;-0.206;-0.199;0.114;5.174;272.556;105.5;78.889;15.778
420;4;0;408515.822;5059714.981;2027.76;98.543;31.591;0.493;-0.074;2.599;-2.42;0.526;174.389;77.333;51.222;16
421;1;0;387595.176;5058511.483;2403.21;356.655;34.224;0.952;-0.045;-0.418;3.078;1.643;182.389;96.056;46.722;16.111
422;3;0;402127.254;5072790.777;2576.73;36.253;27.701;-0.866;0.283;-0.761;0.155;2.367;247.333;100.722;50.556;16.111
423;3;0;402931.415;5070377.239;2336.14;87.044;21.78;-0.149;0.442;0.189;0.229;2.3;222.611;96.389;48.333;16.333
424;7;0;407840.67;5082927.252;2672.52;140.438;28.666;0.998;-0.213;-0.627;-0.386;2.237;262.778;132.278;67.944;15.667
425;3;0;400526.117;5072908.478;2355.94;216.283;10.454;0.806;-0.059;0.349;-1.742;1.849;209.667;91.944;58;14.889
426;4;0;413017.153;5057888.499;1872.45;296.545;44.724;0.052;0.56;-1.132;-1.145;1.87;151.333;85.278;49.778;16.333
427;3;0;404412.535;5066615.593;1818.14;19.476;41.55;-0.771;0.246;1.251;-0.328;0.912;212;87.278;47.389;15.944
428;7;0;409159.304;5083842.886;3348.22;268.169;53.503;-0.806;-0.141;-2.378;1.935;0.684;278.056;130.833;80;15.722
429;4;0;400833.645;5045538.554;2343.61;9.979;40.044;0.447;-0.548;0.001;1.459;1.445;151.889;84.667;60.667;16.056
430;4;0;405621.724;5054509.553;1594.41;101.121;36.603;0.943;0.209;-1.874;0.675;3.421;160.556;68.556;53.611;15.222
431;3;0;388827.71;5051447.276;2342.51;17.24;34.697;-0.032;-0.269;0.522;-0.874;2.824;182.056;107.667;60.778;16.5
432;2;0;405111.32;5073169.416;2767.93;234.532;21.726;0.985;-0.213;0.842;-0.47;4.344;261.778;105.444;61.056;16.222
433;1;0;394453.776;5062221.297;1491.3;165.528;54.088;-0.193;-0.137;0.646;2.586;1.398;147.444;65;41.5;15.056
434;3;0;403296.078;5071396.333;2484.04;-1;0;0.955;0.54;0;0;0;233.722;101.444;50.722;16.944
435;3;0;397480.371;5079286.6;2902.7;158.83;39.283;-0.58;0.057;-0.706;0.468;2.501;225;95.556;61.833;15.611
436;2;0;404688.837;5072691.705;2618.81;14.119;5.652;-0.968;-0.215;1.303;-0.525;2.355;245.889;106.889;52.278;16.778
437;2;0;409651.587;5069226.994;1503.55;227.339;48.932;1;0.248;1.8;0.127;0.66;217.944;64.556;53.889;14.944
438;4;0;400686.807;5046847.065;2218.15;313.228;49.188;-0.933;0.124;-0.932;1.081;0.952;154.556;82.167;61;15.611
439;4;0;413872.961;5049701.584;2068.38;30.561;19.358;0.97;0.235;-0.302;1.129;2.391;165.611;88.611;47.556;16.611
440;1;0;411936.882;5082412.101;3176.21;222.04;13.903;-0.678;-0.577;-0.348;0.254;3.881;281.222;126.833;82.444;16.222
441;1;0;393881.976;5062035.718;1603.86;117.942;54.091;0.685;0.413;3.184;2.244;0.394;147.444;65;43.222;15.056
442;4;0;414584.783;5053478.755;2094.97;241.306;24.421;0.861;-0.592;2.849;-1.889;1.095;160.167;90.167;50.667;17.056
443;1;0;400839.022;5084001.846;2898.33;247.309;25.449;-0.743;-0.578;0.649;-0.659;0.839;251.944;112.278;62.556;15.444
444;2;0;395734.173;5053860.174;1606.23;149.291;51.947;-0.469;0.183;8.744;-8.909;0.549;130.389;73.278;42.833;15.333
445;1;0;388923.269;5054577.501;2481.22;141.787;40.114;-0.48;-0.36;-0.082;1.923;2.012;181.278;100.556;53.722;16.222
446;4;0;415931.115;5055606.919;1938.28;183.254;16.175;-0.386;0.3;-0.249;-0.293;1.671;157.111;92.556;44.444;15.667
447;3;0;404216.388;5065249.456;1752.2;220.822;49.308;-0.86;0.405;2.431;-2.726;1.245;202.667;84.111;43.722;15.611
448;4;0;412571.192;5058834.957;1529.89;273.784;56.996;-0.786;-0.431;-0.361;-3.641;1.079;120.722;76.333;51.056;15.333
449;2;0;409774.247;5074337.617;2160.76;201.048;32.521;-0.998;0.161;0.11;1.067;2.959;212.944;70.778;53.722;16.389
450;3;0;397480.786;5072135.871;1671.27;84.778;46.242;-0.757;-0.665;-0.528;3.498;3.518;169.944;81.556;44.889;15.667
451;1;0;410310.248;5078857.696;2290.06;252.284;10.87;0.066;0.166;-0.825;0.569;3.198;272.556;105.5;73.889;15.778
452;7;0;407468.382;5081797.539;2378.44;162.433;30.499;-0.933;0.184;0.102;-1.869;2.714;247.611;129.833;71.278;15.611
453;1;0;410104.59;5077808.541;2479.36;98.301;32.123;0.091;-0.752;0.517;-1.218;1.08;266.333;103.667;67.556;17.167
454;2;0;403942.651;5062896.171;1654.13;63.501;49.18;-0.304;0.532;-0.902;-0.722;1.546;200.167;82.944;49.444;15.667
455;4;0;387378.655;5054185.253;2573.89;103.602;15.569;-0.953;-0.365;1.235;-0.165;2.076;204.278;101.167;69.444;15.944
456;4;0;414696.426;5054038.643;2066.29;354.618;27.541;-0.144;-0.345;0.537;-0.017;4.811;157.556;94.611;48.5;16.056
457;4;0;405761.606;5051203.522;643.838;180.803;39.395;0.446;0.528;-0.201;0.274;2.59;169.222;69.333;29.333;14.667
458;1;0;407605.85;5080217.131;1992.61;205.598;14.046;-0.235;0.19;0.292;0.187;1.923;232.778;117.611;65.5;15.778
459;4;0;409421.875;5058312.181;1722.3;351.964;47.865;0.996;0.557;1.297;-2.605;3.663;160;71.889;47.667;15.389
460;3;0;386546.238;5049979.717;2469.8;312.081;29.649;-1;-0.604;0.978;0.437;1.717;169.944;108.667;62.389;16.056
461;4;0;405235.153;5055844.657;2270.62;202.938;16.479;-0.902;0.058;-0.469;-1.785;3.323;167.722;72.389;60.556;15.889
462;3;0;404788.165;5077941.472;2531.54;308.06;22.52;0.99;0.717;-0.808;1.819;2.193;269.389;121.667;54.778;16.389
463;2;0;405318.19;5058478.183;2641.78;6.562;45.045;0.67;0.86;3.247;-0.503;1.127;180.611;77.611;60.333;15.444
464;2;0;411582.123;5076190.141;2628.27;194.49;29.046;-0.921;0.851;0.909;-0.615;1.089;258.444;105.611;62.5;17.056
465;1;0;396020.309;5063744.973;685.412;94.322;34.338;0.616;0.14;2.153;-4.673;2.623;161;71.667;20.222;15.611
466;1;0;401515.875;5083496.545;2901.67;320.409;51.011;0.993;0.316;-0.007;0.774;1.328;250.056;119.222;62.889;15.667
467;2;0;402757.515;5059031.165;1377.31;216.194;33.236;-0.968;-0.448;1.788;-0.979;0.96;165.444;75.833;41.722;15.278
468;4;0;415160.607;5057714.133;2177.5;126.973;44.912;-0.075;0.264;-1.905;4.893;1.021;154;91.611;48.444;15.333
469;2;0;410476.727;5074093.494;2422.12;273.848;20.264;0.771;-0.814;-0.313;0.086;6.139;228.111;87.722;53.556;16.611
470;2;0;411521.467;5075914.926;2553.12;354.932;6.387;-0.807;-0.227;-0.941;2.283;7.698;258.444;105.611;61.778;17.056
471;1;0;409376.474;5077757.315;2156.83;277.376;15.851;-0.601;-0.041;0.707;-0.074;4.465;263.111;103.889;56.333;17.222
472;4;0;402770.357;5047683.133;1470.36;338.058;37.393;0.067;0.022;-0.557;-2.526;2.072;161.611;78.444;53.111;15.333
473;3;0;400355.742;5073237.604;2373.77;330.056;13.094;0.996;-0.751;-0.697;0.373;3.166;209.667;91.944;48.333;14.889
474;4;0;416792.687;5055600.489;2251.19;142.515;40.208;0.128;-0.168;1.287;-1.747;1.02;152.778;93.444;47.444;15.611
475;4;0;387514.057;5054545.63;2748.61;216.16;34.927;0.928;-0.155;-1.286;1.109;1.817;204.278;101.167;71.611;15.944
476;2;0;403999.657;5061459.506;2054.9;305.764;38.898;0.867;0.255;5.124;-1.371;0.517;195;82.056;48.389;15.889
477;4;0;406292.471;5056434.999;1845.79;144.284;55.121;-0.794;0.594;-2.293;7.011;1.007;176.222;74.889;50.278;16.333
478;2;0;397489.51;5053917.87;1428;65.035;36.984;-0.807;0.029;-3.701;1.207;3.245;135.389;71.5;44.333;15.611
479;4;0;411239.712;5054244.294;1267.22;19.496;29.685;0.584;0.669;-0.018;0.09;1.309;121.444;54.167;37.944;13.5
480;2;0;398695.944;5053256.322;1529.86;259.406;15.648;-0.812;0.049;2.81;-1.351;1.327;111.167;67.722;46.611;14.222
481;1;0;386569.838;5055113.794;2609.22;88.847;21.563;0.422;0.139;-0.305;1.143;2.926;204.278;101.167;57.833;15.944
482;7;0;410565.873;5082765.424;3233.59;204.674;20.327;0.943;-0.73;-0.047;0.125;2.672;286.889;131.722;85.389;15.889
483;4;0;414475.004;5066254.812;2182.52;244.947;15.06;-0.184;0.647;0.659;-0.486;1.632;204.556;101.722;51.833;16.167
484;4;0;400786.125;5046092.958;2147.01;57.838;23.642;0.02;0.323;0.308;-0.792;1.984;151.889;84.667;59.167;16.056
485;1;0;391551.89;5050034.065;2193.93;36.964;43.852;-0.909;-0.014;-1.672;9.265;1.425;184.389;104.944;47.778;16.667
486;4;0;416818.567;5054883.386;2050.69;264.517;24.03;-0.423;0.739;-2.152;-0.482;1.394;146.056;95.167;45.778;15.278
487;3;0;407369.685;5073833.728;2137.4;182.971;24.692;0.532;0.236;0.913;0.789;2.924;236.444;97.111;56.556;16.667
488;2;0;392842.667;5048958.163;2309.88;300.691;42.642;0.799;0.036;1.597;-0.258;0.432;159.778;105.889;50.778;16.556
489;3;0;400133.198;5079482.506;2389.97;55.239;54.861;-0.096;0.364;-2.024;2.525;0.582;240.111;102.556;55.222;15.333
490;2;0;393172.601;5048786.451;2532.51;82.502;37.015;-0.999;0.262;-0.794;0.914;2.257;159.778;105.889;53.056;16.556
491;3;0;411018.875;5077408.551;2536.41;154.349;14.803;0.51;-0.498;-1.205;0.706;3.599;280.111;109.167;69.944;16.889
492;2;0;407467.285;5072497.628;1956.57;175.744;34.366;0.57;0.107;-0.945;-1.432;2.862;221.111;91.889;53.556;16.056
493;5;0;408090.819;5065241.347;2223.4;339.156;20.009;0.13;0.242;-1.287;-0.272;2.985;164;73.889;49.333;15.444
494;6;0;404458.246;5080381.828;2376.45;252.575;10.266;-0.901;0.361;-2.079;0.102;6.127;277.833;126.056;61.944;16.056
495;1;0;410085.256;5079228.479;2245.19;193.746;40.024;-0.997;0.52;-6.392;0.772;4.607;272.556;105.5;67.278;15.778
496;3;0;388264.527;5051245.723;2479.06;66.142;15.865;0.935;-0.578;0.72;-0.823;1.81;171.611;102.944;68.667;15.944
497;3;0;388014.829;5052400.912;2006.22;6.194;18.634;-0.299;0.65;-0.295;0.249;4.019;171.611;102.944;71;15.944
498;3;0;388173.945;5051112.577;2495.75;305.601;18.544;-0.971;-0.731;-0.84;0.047;2.541;194.389;107.667;67.444;16.167
499;1;0;401574.721;5082888.87;2723.91;85.219;43.185;0.404;-0.642;4.452;-4;0.474;250.056;119.222;61.444;15.667
500;2;0;402915.938;5057544.026;2120.46;222.777;31.74;0.994;-0.865;0.344;-0.134;2.546;169.278;72.222;58.778;15.444
501;2;0;394738.499;5047040.108;2382.17;93.884;63.453;0.582;0.295;-1.509;-4.391;1.648;171.778;102.056;52.667;15.556
502;1;0;405507.738;5080955.615;2903.89;192.407;24.958;0.083;-0.642;0.405;-0.092;2.595;270.944;125;70.5;15.444
503;4;0;403783.189;5047108.761;1700.82;357.99;29.908;-0.734;0.65;0.564;-0.13;1.608;173;76.889;55.667;15.278
504;3;0;401988.952;5077384.532;1708.22;247.69;53.578;-0.068;-0.745;-8.267;17.165;3.32;254.5;97;56.333;15.667
505;1;0;403751.846;5082104.223;2712.91;271.927;38.376;-0.977;-0.586;-0.758;-0.497;3.108;259.167;127;61.111;16
506;5;0;411643.745;5071347.112;2449.84;199.897;36.766;0.999;0.246;-6.203;1.814;4.691;226;97.222;53.722;17
507;4;0;406226.118;5057207.221;2192.63;127.584;40.128;-0.38;0.097;-0.164;0.136;3.067;180.667;76.556;55.444;15.556
508;2;0;404792.848;5061503.416;2434.3;76.095;55.762;0.034;0.218;-7.182;7.326;2.343;191.111;79.5;51.444;15.889
509;4;0;409222.159;5061345.045;1724.67;12.912;34.71;-0.94;0.501;-0.579;-0.535;1.454;171.611;73;47.278;15.889
510;1;0;387130.93;5057160.988;2740.51;228.388;14.573;-0.61;0.083;-1.148;1.652;4.21;196.833;98.278;58.333;16.444
511;1;0;402371.804;5083072.605;2565.57;202.793;56.149;0.24;-0.317;2.703;-11.589;0.269;263.056;125.556;54.167;15.833
512;1;0;390392.293;5055683.83;2292.92;348.643;17.352;0.975;-0.747;0.65;-0.223;3.056;178.278;92.5;50.944;15.833
513;4;0;409198.592;5059757.959;1710.61;134.453;30.114;-0.664;-0.401;0.997;-0.362;3.218;167;70.778;47.722;15.778
514;2;0;410899.462;5074348.933;2586.02;257.76;23.085;-0.922;0.584;-2.688;0.477;6.65;228.111;87.722;56.667;16.611
515;1;0;399510.1;5085069.594;2876.71;161.746;54.797;0.98;-0.314;-2.349;4.688;2.157;250.056;112.222;57.556;16
516;4;0;412160.574;5063944.487;1368.69;42.136;29.838;-0.7;-0.129;-0.335;0.322;3.241;182.222;91.222;42.833;16.056
517;4;0;397078.974;5045823.351;2185.68;290.976;26.22;-0.212;-0.25;0.005;0.309;3.462;155.944;99.667;54.167;16.167
518;2;0;407795.559;5066377.569;2388.33;317.99;44.723;-0.95;-0.296;-9.196;5.298;4.567;199.389;77.444;50.667;16.056
519;2;0;404701.055;5072977.705;2621.36;229.764;23.147;0.742;-0.405;0.106;0.474;2.85;245.889;106.889;52.5;16.778
520;3;0;400809.49;5066989.121;1813.64;57.149;44.17;0.358;0.503;-3.587;0.754;3.558;212.667;82.556;43.889;16.111
521;3;0;382912.962;5051010.053;2962.06;155.661;35.117;0.743;0.05;3.523;0.326;0.353;185.389;112.111;59.611;15.278
522;2;0;397988.737;5050643.901;820.502;138.646;48.332;-0.646;0.602;-1.428;10.153;3.405;130.611;72.722;20.389;15.5
523;3;0;402939.272;5071124.129;2662.65;235.203;26.033;0.542;-0.726;0.713;-0.686;1.342;222.611;96.389;53.222;16.333
524;1;0;389846.361;5057150.699;2021.86;189.916;9.732;-0.911;-0.115;-0.483;1.226;4.497;172.556;87.722;49.833;15.278
525;4;0;396266.862;5046205.64;2226.39;55.388;32.837;-0.751;0.023;-1.677;0.311;4.449;162.778;102.556;52.889;16.222
526;5;0;411717.127;5069711.992;2361.35;199.531;16.354;-0.571;0.088;0.608;0.394;2.007;221.722;94.889;50.722;16.444
527;3;0;405612.557;5078043.694;2764.59;355.293;33.608;-0.985;-0.304;0.36;-0.058;2.563;263.5;121.056;68.722;16.444
528;7;0;406870.605;5081668.365;2721.19;188.504;26.139;0.568;0.168;1.53;-0.572;3.002;264.556;130.778;76.5;15.667
529;3;0;385583.521;5052314.285;2333.17;140.339;7.682;-0.942;0.064;0.494;-0.164;2.258;197.222;104.278;61.833;15.389
530;1;0;390354.354;5053852.796;2062.97;160.019;42.988;0.997;-0.638;0.412;0.628;3.447;169.778;105.333;48.889;16
531;1;0;398352.542;5083053.771;2613;65.335;19.181;-0.989;-0.654;0.457;-0.523;1.096;232.389;105.611;56.5;15.944
532;2;0;406976.959;5060455.761;2492.97;144.881;26.986;-0.77;0.862;0.349;-0.294;3.967;184.278;79.833;51.056;15.778
533;3;0;403453.567;5077452.033;2380.63;202.022;17.854;-0.94;0.031;-0.537;-1.993;2.04;278.222;117.889;61.278;16
534;1;0;399376.751;5062119.499;1178.16;185.461;30.604;0.417;-0.925;-1.439;0.02;2.647;187.556;74.667;41.222;15.556
535;2;0;405302.453;5060098.152;2696.04;221.004;43.018;-0.818;-0.128;0.603;-0.971;1.846;186.611;78.111;56.167;15.444
536;4;0;404506.789;5051909.982;763.029;199.379;16.767;-0.927;0.157;0.571;0.006;1.415;123.167;56.444;32.5;14.444
537;4;0;410676.979;5051144.489;1743.72;23.779;25.752;-0.995;0.286;0.011;0.093;0.979;182.111;78.556;45.056;16
538;4;0;415849.402;5062100.751;1997.05;332.249;41.449;-0.755;0.58;-10.62;7.448;4.982;173.389;94.556;45.944;15
539;1;0;398885.203;5085625.936;2905.89;127.918;11.953;-0.943;-0.231;-0.606;0.052;3.612;257.222;108.056;65.5;16.333
540;3;0;403993.625;5072053.296;2677.66;0.454;40.001;0.915;0.596;-0.515;0.179;1.911;230.778;102.833;52.778;16.444
541;7;0;407110.841;5081340.287;2382.49;119.099;42.849;0.885;0.586;-0.784;1.238;2.8;247.611;129.833;72.222;15.611
542;3;0;408262.936;5076090.126;1803.48;56.271;42.854;-0.615;0.329;-0.413;-0.413;2.342;243.278;90.944;52.611;17.278
543;1;0;390045.758;5049386.14;2411.18;310.306;24.627;1;-0.4;-1.182;2.363;2.15;221.722;105.333;49.556;15.889
544;2;0;395214.679;5048435.431;2295.55;166.872;47.655;-0.486;-0.596;-0.301;1.435;0.594;155.278;96.722;52.778;16.278
545;4;0;410917.661;5058190.937;1088.06;72.026;46.524;0.555;-0.545;-2.432;0.643;2.446;123.5;63.556;34.833;14.556
546;3;0;401327.618;5077343.327;1630.23;121.064;51.424;0.647;-0.024;-4.559;-3.097;3.192;254.5;97;54.444;15.667
547;2;0;406077.534;5074501.26;2613.05;79.019;22.021;-0.974;-0.58;-0.452;-0.025;6.153;255;105.556;54.167;16
548;4;0;398831;5046209.068;2100.51;42.491;33.08;0.309;-0.072;-0.664;0.079;3.179;143.056;91.056;53;16.056
549;7;0;405230.833;5084014.869;2869.59;245.46;27.812;-0.516;0.439;-0.312;0.358;2.789;266.167;132.111;64.944;15.833
550;3;0;403590.449;5072608.372;2372.37;338.647;36.557;0.19;0.388;-2.079;0.402;4.928;247.889;105.611;56.889;16.611
551;7;0;408490.185;5081597.194;2441.7;211.22;30.263;0.737;-0.435;-0.185;1.035;3.27;280.944;127.611;67.278;14.556
552;3;0;411120.862;5077273.595;2630.5;340.954;42.544;-0.415;0.144;2;0.008;0.725;280.111;109.167;72.444;16.889
553;1;0;387361.269;5055548.855;2494.49;148.927;11.959;0.931;-0.019;0.608;-0.189;4.195;195;100.056;55.778;16.389
554;5;0;410771.794;5070820.349;2286.73;187.061;47.414;-0.855;0.265;3.109;1.558;0.656;198.389;82.944;52.667;15.389
555;3;0;401092.713;5071931.474;2483.91;168.042;55.33;0.945;-0.438;0.962;1.347;1.744;214.5;95.556;53.167;16.5
556;7;0;410962.385;5081764.288;2869.22;90.988;31.428;-0.857;-0.44;-1.004;-0.125;2.26;284.278;128.556;73.222;15.333
557;2;0;404044.559;5061859.547;2058.18;243.03;37.243;-0.992;-0.236;1.225;-1.271;1.364;195;82.056;48.667;15.889
558;1;0;403350.4;5081414.123;2627.5;91.334;38.83;-0.978;-0.65;1.699;-2.574;1.003;259.167;127;53.833;16
559;1;0;404521.228;5080849.927;2590.05;176.032;12.762;-0.017;0.659;-0.803;0.329;4.508;277.833;126.056;55;16.056
560;7;0;410823.553;5083134.574;3387.63;163.449;50.836;-0.454;0.881;-0.218;5.841;0.644;286.889;131.722;79.611;15.889
